matrix_idx,content_id,title,zone
0,1861656,1100고지습지,seogwipo
1,4039339,1100도로,seogwipo
2,2740067,5.16 도로숲터널,seogwipo
3,1884191,가마오름,jejusi
4,1884505,가문이오름(감은이오름),seogwipo
5,1884521,가새기오름,jejusi
6,1885746,가세오름,seogwipo
7,3026711,가시리국산화풍력발전단지,seogwipo
8,1885754,가시오름,seogwipo
9,3410648,가을동화 감귤밭,seogwipo
10,1887368,각시바위오름,seogwipo
11,1887381,갈마못(갈뫼못),seogwipo
12,635593,갈중이(천연염색체험),seogwipo
13,1887493,감낭오름,seogwipo
14,3082301,감사공묘역,jejusi
15,3056401,감수굴 밭담길,jejusi
16,1887866,갑선이오름,seogwipo
17,127050,강정천,seogwipo
18,2779517,강정포구,seogwipo
19,3057021,개똥이네농장,jejusi
20,1887873,개오름,seogwipo
21,1889809,개오리오름,jejusi
22,1889833,갯거리오름,seogwipo
23,1890152,거린사슴,seogwipo
24,3015782,거린사슴전망대,seogwipo
25,636266,거문오름,jejusi
26,1918646,거슨새미오름,jejusi
27,1918965,걸서악(걸세오름),seogwipo
28,127051,고근산,seogwipo
29,2791433,고내포구,jejusi
30,2819599,고배기동산,seogwipo
31,2779522,고산일과해안도로,seogwipo
32,2661519,고살리 숲길,seogwipo
33,2759120,고스트타운,jejusi
34,127870,곽지해수욕장,jejusi
35,3056205,관곶,jejusi
36,126460,관덕정(제주),jejusi
37,126456,관음사(제주),jejusi
38,778296,광명사(제주),seogwipo
39,2564158,광치기해변,seogwipo
40,1918950,괴오름,jejusi
41,128443,교래 삼다수마을,jejusi
42,1918984,구두리오름,jejusi
43,2781394,구두미포구,seogwipo
44,1621059,구시물,jejusi
45,2779527,구엄리 돌염전,jejusi
46,129073,구엄어촌체험마을,jejusi
47,2738659,구엄포구,jejusi
48,1945768,군산오름,seogwipo
49,2765234,궷물오름,jejusi
50,1960087,귤림서원,jejusi
51,3056519,귤의정원 바령,jejusi
52,2765293,귤향기 감귤체험농장,jejusi
53,3037793,금능돌담해변길,jejusi
54,127860,금능석물원,jejusi
55,2946074,금능포구,jejusi
56,591866,금능해수욕장,jejusi
57,2027184,금룡사(제주),jejusi
58,127310,금산공원(납읍난대림지대),jejusi
59,129699,금오름,jejusi
60,600584,금호리조트 제주아쿠아나,seogwipo
61,3080144,김경숙해바라기농장,jejusi
62,2863615,김녕 청굴물,jejusi
63,127046,김녕미로공원,jejusi
64,2781326,김녕항,jejusi
65,129400,김녕해수욕장,jejusi
66,3505052,꽃귤농장,seogwipo
67,3331534,나무와열매 체험농장,seogwipo
68,128444,낙천아홉굿마을,jejusi
69,2516416,낙타트레킹,seogwipo
70,128795,남원 큰엉해안,seogwipo
71,2472824,넥슨컴퓨터박물관,jejusi
72,2704456,노리매공원,seogwipo
73,2778890,노을해안로,seogwipo
74,1993734,녹산로 유채꽃도로,seogwipo
75,2740047,논짓물,seogwipo
76,1965800,높은오름,jejusi
77,3056279,누웨마루거리,jejusi
78,2740127,느지리오름,jejusi
79,577461,다랑쉬오름(월랑봉),jejusi
80,1928421,다려도,jejusi
81,2418778,다이나믹 메이즈 제주,seogwipo
82,745449,다희연,jejusi
83,3027466,달달미깡감귤밭,jejusi
84,2652545,닭머르해안길,jejusi
85,2854437,답다니수국밭,seogwipo
86,2704703,당산봉,jejusi
87,2704447,당케포구,seogwipo
88,3559716,대수산봉,seogwipo
89,2852643,대왕수천예래생태공원,seogwipo
90,1621175,대정향교,seogwipo
91,2789609,대평포구,seogwipo
92,127053,대포주상절리,seogwipo
93,2738714,대포포구,seogwipo
94,2781422,대포해안,seogwipo
95,665594,더마파크,jejusi
96,1928430,도너리오름,seogwipo
97,2738665,도두봉,jejusi
98,2794659,도두항,jejusi
99,2759624,도련 감귤나무 숲,jejusi
100,1899959,도리미오름,jejusi
101,2759036,도시해녀,jejusi
102,2751854,도치돌 알파카목장,jejusi
103,126441,돈내코 원앙폭포,seogwipo
104,3545719,돌낭예술원,seogwipo
105,128777,돌하르방미술관,jejusi
106,1890177,동검은이오름,seogwipo
107,2390111,동광리농촌체험마을,seogwipo
108,1906195,동백동산,jejusi
109,2806043,동백포레스트,seogwipo
110,2738761,동일리포구,seogwipo
111,1906211,두맹이골목,jejusi
112,3559559,두머니물공원,seogwipo
113,3057219,두산봉,seogwipo
114,1933208,둔지봉,jejusi
115,1890872,뒤굽은이오름,jejusi
116,572968,따라비 오름,seogwipo
117,3097805,떠오르길·김녕 바닷길,jejusi
118,3061637,렛츠런팜,jejusi
119,2940981,루나폴,seogwipo
120,2621914,마라도 가파도 정기여객선,seogwipo
121,128802,마라도가는여객선,seogwipo
122,126452,만장굴 (제주도 국가지질공원),jejusi
123,3037603,맛동산 감귤체험농장,jejusi
124,2469467,맥파이 브루어리,jejusi
125,1329201,메이즈랜드,jejusi
126,127909,명월대,jejusi
127,2704407,명월성지,jejusi
128,1926601,모구리오름,seogwipo
129,1928045,모지오름,seogwipo
130,126459,모충사,jejusi
131,126467,무수천,jejusi
132,2740130,문도지오름,seogwipo
133,127048,문섬·섶섬·범섬·새섬,seogwipo
134,879633,물드리네,jejusi
135,2705296,물뫼힐링팜,jejusi
136,2433925,물영아리오름,seogwipo
137,3037417,미깡창고,jejusi
138,2765223,미악산,seogwipo
139,2738721,미천굴,seogwipo
140,1933217,바늘오름,jejusi
141,2765227,바리메오름,jejusi
142,2738763,박수기정,seogwipo
143,2715648,발자국화석공원,seogwipo
144,129402,방사탑(제주),jejusi
145,126468,방선문,jejusi
146,2663244,방주교회,seogwipo
147,2731801,백약이오름,jejusi
148,2027203,백제사,jejusi
149,309943,법화사,seogwipo
150,2738728,법환포구,seogwipo
151,2796715,베릿네오름,seogwipo
152,1882274,벵가스테이,seogwipo
153,1069292,별도봉,jejusi
154,128796,별방진,jejusi
155,315926,보덕사(제주),jejusi
156,2714659,보롬왓,seogwipo
157,316058,보림사(제주),jejusi
158,3057412,보메와산감귤체험농장,jejusi
159,2738742,보목포구,seogwipo
160,129403,복신미륵,jejusi
161,2661523,북촌마을 4·3길,jejusi
162,317558,불탑사(제주),jejusi
163,1898484,붉은오름자연휴양림,seogwipo
164,2779449,비밀의 숲,jejusi
165,127529,비양도,jejusi
166,2799740,비양도선착장,jejusi
167,1895633,비양봉,jejusi
168,126472,비자림,jejusi
169,2674014,비체올린,jejusi
170,3491457,빛의 섬 루미버스,seogwipo
171,3410530,뽀로로앤타요 테마파크 제주,seogwipo
172,4071128,뿔소라공원,seogwipo
173,2715650,사계해변,seogwipo
174,1069144,사라봉,jejusi
175,127055,사라봉(모충사) 의병항쟁기념탑,jejusi
176,126454,사라봉공원,jejusi
177,1215292,사라오름,seogwipo
178,2794667,사수항,jejusi
179,126474,산굼부리,jejusi
180,126457,산방굴사(제주),seogwipo
181,2740056,산방산 유람선,seogwipo
182,2852538,산방산랜드,seogwipo
183,2854521,산방산유채꽃밭,seogwipo
184,2948051,산양큰엉곶,jejusi
185,129148,산지 등대,jejusi
186,1069322,산지천,jejusi
187,3061738,산지항로표지관리소,jejusi
188,126461,산천단곰솔,jejusi
189,127049,삼매봉,seogwipo
190,2853484,삼무공원,jejusi
191,129401,삼양해수욕장,jejusi
192,2765248,삼양해안도로,jejusi
193,1941153,삼의악오름,jejusi
194,2847726,상가리야자숲,jejusi
195,2738734,상효원수목원,seogwipo
196,2765252,새미은총의동산,jejusi
197,572973,새별오름,jejusi
198,2742344,새별프렌즈,jejusi
199,2767627,새섬공원,seogwipo
200,1945414,새신오름,jejusi
201,879234,새연교,seogwipo
202,3530351,샛도리물,jejusi
203,125445,생각하는 정원,jejusi
204,3075388,생약누리,seogwipo
205,2847703,샤이니숲길,jejusi
206,1936039,서건도,seogwipo
207,128150,서광차밭,seogwipo
208,2723689,서귀다원,seogwipo
209,2822432,서귀진지,seogwipo
210,127520,서귀포 김정희 유배지,seogwipo
211,129381,서귀포 알토산마을,seogwipo
212,129326,서귀포 예래생태마을,seogwipo
213,129327,서귀포 용왕난드르마을,seogwipo
214,2660763,서귀포 치유의 숲,seogwipo
215,2932006,서귀포 패류화석산지,seogwipo
216,2615028,서귀포 하논분화구,seogwipo
217,128838,서귀포유람선,seogwipo
218,128175,서귀포자연휴양림,seogwipo
219,126665,서귀포잠수함,seogwipo
220,2836814,서귀포칠십리시공원,seogwipo
221,2791505,서귀포항,seogwipo
222,601489,서귀포해양도립공원,seogwipo
223,2633955,서프라이즈 테마파크,jejusi
224,3012012,석예원 본초 족욕 성산점,seogwipo
225,318339,선광사(제주),seogwipo
226,598187,선녀와나무꾼,jejusi
227,2738675,선운정사,jejusi
228,988441,선임교,seogwipo
229,2774278,선흘2리마을,jejusi
230,127813,섭지코지,seogwipo
231,2715651,섯알오름,seogwipo
232,2704232,성불오름,jejusi
233,2791450,성산세화해안도로,jejusi
234,126435,성산일출봉 [유네스코 세계자연유산],seogwipo
235,2798131,성산포JC공원,seogwipo
236,2798703,성산포성당,seogwipo
237,128154,성산포유람선,seogwipo
238,3008392,성읍녹차동굴,seogwipo
239,3009659,성읍녹차마을,seogwipo
240,126471,성읍민속마을,seogwipo
241,2606298,성이시돌목장,jejusi
242,126436,성판악,jejusi
243,3097814,세기알해변,jejusi
244,2781386,세천포구,seogwipo
245,3498094,세화리 농어촌체험휴양마을,jejusi
246,1621077,세화해수욕장,jejusi
247,1945578,소남머리,seogwipo
248,3553979,소라의성,seogwipo
249,2707930,소인국테마파크,seogwipo
250,129405,소정방폭포,seogwipo
251,2781401,소천지,seogwipo
252,3071744,속골유원지,seogwipo
253,1945394,손지오름,jejusi
254,2836910,송당무끈모루,jejusi
255,1945592,송아오름,jejusi
256,126672,송악산,seogwipo
257,2765245,송악산 진지동굴,seogwipo
258,3013283,송악산둘레길,seogwipo
259,2765237,송악산전망대,seogwipo
260,129617,쇠소깍,seogwipo
261,3015632,쇠소깍산물관광농원,seogwipo
262,3015608,수망리 마흐니숲길,seogwipo
263,2553685,수목원테마파크(아이스뮤지엄),jejusi
264,2714826,수산봉,jejusi
265,4063148,수산저수지,jejusi
266,3011245,수산한못,seogwipo
267,1945208,수악(물오름),seogwipo
268,126434,수월봉,jejusi
269,228859,수월봉과 차귀해안,jejusi
270,2789652,순례자의 교회,jejusi
271,129276,숨도,seogwipo
272,2858445,쉬리의언덕,seogwipo
273,2602774,쉼한모금,seogwipo
274,2714222,스누피가든,jejusi
275,4054639,시인이생진시비거리,seogwipo
276,2738715,신도포구,seogwipo
277,2704353,신비의도로,jejusi
278,2414812,신산공원,jejusi
279,3553902,신산환해장성,seogwipo
280,126447,신양섭지해수욕장,seogwipo
281,2663250,신창풍차해안도로,jejusi
282,3013172,신천리 벽화마을,seogwipo
283,2872927,신촌 4·3 성터,jejusi
284,1621045,신촌향사,jejusi
285,635701,신풍 신천 바다목장,seogwipo
286,2661821,신풍리 밭담길,seogwipo
287,128326,신풍리체험휴양마을,seogwipo
288,2562239,신화워터파크,seogwipo
289,2562214,신화테마파크,seogwipo
290,2742307,싱계물공원,jejusi
291,129620,쌍용굴(한림공원),jejusi
292,3110802,씬오브제주,jejusi
293,2740133,아끈다랑쉬 오름,jejusi
294,2763820,아날로그감귤밭,jejusi
295,4061120,아라동 치유의 숲,jejusi
296,3439423,아르떼 키즈파크 제주,jejusi
297,2714241,아르떼뮤지엄 제주,jejusi
298,1351320,아부오름,jejusi
299,2704412,아침미소목장,jejusi
300,3026668,안덕 월라봉,seogwipo
301,126440,안덕계곡,seogwipo
302,2724387,안돌오름,jejusi
303,2778897,안성리수국길,seogwipo
304,3396532,안의울림,jejusi
305,4063885,안친오름,jejusi
306,128640,알뜨르비행장 및 일본군 비행기 격납고,seogwipo
307,2740135,알작지,jejusi
308,3056625,애월한담공원,jejusi
309,2791501,애월해안도로,jejusi
310,2858860,액티브파크 제주,jejusi
311,127862,약천사(제주),seogwipo
312,1620863,양금석가옥,seogwipo
313,127202,어승생,jejusi
314,1925362,어영공원,jejusi
315,2662743,엉덩물계곡,seogwipo
316,3071718,엉또돌다카페앤농원,seogwipo
317,127052,엉또폭포,seogwipo
318,1898906,엉알해안,jejusi
319,3056663,엉알해안산책로,jejusi
320,1146121,에코랜드테마파크,jejusi
321,126464,여미지식물원,seogwipo
322,2738683,연대포구,jejusi
323,126463,연북정,jejusi
324,126473,연화못(하가못),jejusi
325,2977041,열대과일농장 유진팡,seogwipo
326,1925369,열안지오름(봉개동),jejusi
327,1925366,열안지오름(오라동),jejusi
328,2704351,영주산,seogwipo
329,2740052,예래포구,seogwipo
330,3343597,오레브핫스프링앤스파,seogwipo
331,1926354,오백나한,seogwipo
332,3071816,오저여,jejusi
333,129071,오조마을,seogwipo
334,2742256,오조포구,seogwipo
335,126462,오현단,jejusi
336,3553653,온평리 포구,seogwipo
337,3056448,올레바당체험마을,jejusi
338,1891566,와이리조트 제주,seogwipo
339,2905045,와흘메밀마을,jejusi
340,2713585,왕이메오름,jejusi
341,126470,외돌개(제주),seogwipo
342,572960,용눈이오름,jejusi
343,2767900,용담공원,jejusi
344,3056592,용담레포츠공원,jejusi
345,2738705,용담해안도로,jejusi
346,228853,용두암,jejusi
347,250412,용두암해수랜드,jejusi
348,3061701,용두암해안도로,jejusi
349,228854,용머리해안,seogwipo
350,2765233,용수성지,jejusi
351,2742267,용수항,jejusi
352,127745,용연,jejusi
353,2738692,용연구름다리,jejusi
354,127363,우도잠수함,seogwipo
355,4058180,우뭇개해안,seogwipo
356,2781327,운진항,seogwipo
357,128665,워터월드 제주,seogwipo
358,126458,원당사지,jejusi
359,2742357,월령 선인장군락지,jejusi
360,2742297,월령포구,jejusi
361,347233,월영사(제주),jejusi
362,1918639,월정리해변(월정리해수욕장),jejusi
363,2738701,월정리해안도로,jejusi
364,347234,월정사(제주),jejusi
365,2742257,월평포구,seogwipo
366,128330,위미1리어촌체험마을,seogwipo
367,2709579,위미동백나무군락,seogwipo
368,2740129,위미항,seogwipo
369,1973369,윗세오름,seogwipo
370,2045014,유수암마을,jejusi
371,3069080,유채꽃재배단지,seogwipo
372,2755049,유채꽃프라자,seogwipo
373,780778,이상한나라의 앨리스,seogwipo
374,2740123,이승이오름 (이승악),seogwipo
375,127283,이중섭 거주지,seogwipo
376,1620936,이중섭거리,seogwipo
377,2792565,이호테우 말 등대,jejusi
378,126448,이호테우해변,jejusi
379,127857,일출랜드,seogwipo
380,3081317,일출봉유채밭,seogwipo
381,2792595,자구내포구,jejusi
382,2738724,자구리문화예술공원(자구리공원),seogwipo
383,3038479,장생의숲길,jejusi
384,2765268,저지문화예술인마을,jejusi
385,1351196,"저지오름(닥몰오름,새오름)",jejusi
386,2778044,전농로 벚꽃거리,jejusi
387,228864,절부암,jejusi
388,987913,점보빌리지,seogwipo
389,3530411,정모시쉼터,seogwipo
390,1926369,정물알오름,jejusi
391,1926379,정물오름,jejusi
392,126437,정방폭포,seogwipo
393,1621147,정의향교,seogwipo
394,1621165,정의현성,seogwipo
395,3056151,제동목장 입구,jejusi
396,3022258,제원하늘농원,jejusi
397,2763739,제주 교래자연휴양림,jejusi
398,2778809,제주 글라스하우스,seogwipo
399,1672315,제주 노루생태관찰원,jejusi
400,2023350,제주 동백마을,seogwipo
401,801097,제주 명도암참살이마을,jejusi
402,2714306,제주 무지개해안도로,jejusi
403,128555,제주 산방산탄산온천,seogwipo
404,127744,제주 삼성혈,jejusi
405,129455,제주 삼양동 유적,jejusi
406,127861,제주 서귀포 산방산,seogwipo
407,2800664,제주 성산항,seogwipo
408,1621161,제주 성읍마을 고창환 고택,seogwipo
409,1621155,제주 성읍마을 고평오 고택,seogwipo
410,128049,제주 센트럴파크,jejusi
411,2763726,제주 스위스마을,jejusi
412,1936339,제주 청수리마을,jejusi
413,126445,제주 토끼섬 문주란 자생지,jejusi
414,128050,제주 항파두리 항몽 유적,jejusi
415,1907801,제주4·3평화공원,jejusi
416,2858467,제주곶자왈도립공원,seogwipo
417,2606696,제주대 벚꽃길,jejusi
418,1957971,제주도 관광특구,jejusi
419,1162240,제주도 국가지질공원,jejusi
420,635460,제주도예촌,seogwipo
421,2806115,제주동백수목원,seogwipo
422,3371999,제주동화마을,jejusi
423,128556,제주러브랜드,jejusi
424,637212,제주마방목지,jejusi
425,2503694,제주맥주,jejusi
426,128641,제주목 관아,jejusi
427,3056829,제주바다체험장,jejusi
428,745313,제주별빛누리공원,jejusi
429,2479639,제주불빛정원,jejusi
430,2554570,제주샘주 양조장,jejusi
431,636393,제주선인장마을,jejusi
432,129384,제주성지,jejusi
433,3071875,제주송정농원,jejusi
434,2789378,제주신흥해수욕장,jejusi
435,2766752,제주아이브리조트,seogwipo
436,3329719,제주안전체험관,jejusi
437,2791523,제주양떼목장,jejusi
438,2773755,제주에너지누리마당,jejusi
439,3038062,제주이호랜드,jejusi
440,2755492,제주자연생태공원,seogwipo
441,127479,제주절물자연휴양림,jejusi
442,2638441,제주탐나라공화국,jejusi
443,2791511,제주항,jejusi
444,1621118,제주해녀항일운동기념탑,jejusi
445,127743,제주향교,jejusi
446,3071796,제주향농원,seogwipo
447,128345,제주허브동산,seogwipo
448,1206420,제주힐링명상테마파크,jejusi
449,1918417,제지기오름,seogwipo
450,1812994,조랑말체험공원,seogwipo
451,3057244,조천만세동산,jejusi
452,2792568,조천함덕해안도로,jejusi
453,4078062,족은노꼬메오름,jejusi
454,3015172,졸띠유채밭,seogwipo
455,2779454,종달리 수국길,jejusi
456,2602741,종달리 해안도로,jejusi
457,2779457,종달리해변,jejusi
458,2779462,종달항(두문포항),jejusi
459,127492,중문관광단지,seogwipo
460,2738726,중문미로파크,seogwipo
461,126449,중문색달해수욕장,seogwipo
462,1918413,지미봉,jejusi
463,1874612,지속가능환경교육센터,jejusi
464,2851320,짱구네유채꽃밭,seogwipo
465,126444,차귀도,jejusi
466,3057180,차귀도유람선,jejusi
467,2858656,창꼼,jejusi
468,1895611,천아오름,jejusi
469,482093,천왕사(제주),jejusi
470,126439,천제연폭포,seogwipo
471,2765240,천주교 대정성지,seogwipo
472,129395,천지연 걸매생태공원,seogwipo
473,126438,천지연폭포,seogwipo
474,2742373,청수곶자왈,jejusi
475,635928,최남단체험감귤농장,seogwipo
476,741109,카멜리아힐,seogwipo
477,3080405,캔디원,jejusi
478,2837222,코난해변,jejusi
479,2738712,큰노꼬메오름,jejusi
480,2767695,큰사슴이오름,seogwipo
481,3057363,탐나는농장,jejusi
482,2788436,탑동광장,jejusi
483,3015651,태웃개,seogwipo
484,2738653,토토아뜰리에,jejusi
485,3559736,통오름,seogwipo
486,3071776,트로이테마농원,seogwipo
487,2753082,파더스가든,seogwipo
488,2785869,판포포구,jejusi
489,126466,퍼시픽 리솜,seogwipo
490,3015718,편백포레스트,seogwipo
491,2723555,평대해변,jejusi
492,1621032,평화통일 불사리탑,jejusi
493,2751986,포레스트 공룡사파리,jejusi
494,1918421,폭낭오름,jejusi
495,3026734,표선소금막해변,seogwipo
496,128794,표선해수욕장,seogwipo
497,1923590,하늬복이오름,seogwipo
498,660972,하도리 철새도래지,jejusi
499,2023328,하도어촌체험마을,jejusi
500,2704435,하도해변,jejusi
501,2765280,하례감귤체험농장,seogwipo
502,1620997,하멜기념비,seogwipo
503,3031541,하모체육공원,seogwipo
504,1620883,하모해변,seogwipo
505,3303346,하우스오브레퓨즈,jejusi
506,2723542,한담해변,jejusi
507,2930935,한담해안산책로,jejusi
508,1918643,한대오름,jejusi
509,127635,한라산,jejusi
510,264590,한라산 백록담,seogwipo
511,126469,한라산 영실,seogwipo
512,802844,한라생태숲,jejusi
513,127514,한라수목원,jejusi
514,126455,한림공원,jejusi
515,2792599,한림항,jejusi
516,930345,한수풀 해녀학교,jejusi
517,3057286,함덕잠수함,jejusi
518,126451,함덕해수욕장 (함덕 서우봉 해변),jejusi
519,2778905,해맞이해안로,jejusi
520,2704242,해품은체험농장,seogwipo
521,4073368,향사당,jejusi
522,3317905,현애원,seogwipo
523,129619,협재동굴,jejusi
524,2792603,협재포구,jejusi
525,127490,협재해수욕장,jejusi
526,128793,형제섬,seogwipo
527,2742301,형제해안도로,seogwipo
528,3056135,호떡골목,jejusi
529,126465,혼인지,seogwipo
530,2798892,화북포구,jejusi
531,2738730,화순곶자왈 생태탐방숲길,seogwipo
532,126443,화순금모래해수욕장,seogwipo
533,2606209,화조원,jejusi
534,2946628,환상숲곶자왈공원,jejusi
535,3013310,황우지선녀탕,seogwipo
536,2767778,황우지해안열두굴,seogwipo
537,3026604,효명사,seogwipo
538,2661514,휴림,jejusi
539,322836,휴애리자연생활공원,seogwipo
540,3061575,흑돼지거리,jejusi
541,4091197,흘아카이브,jejusi
542,590415,감귤박물관,seogwipo
543,130853,건강과 성 박물관(제주),seogwipo
544,4057922,건입박물관,jejusi
545,2638440,고흐의정원,seogwipo
546,130461,국립제주박물관,jejusi
547,1556005,그리스신화박물관,jejusi
548,2031663,김만덕기념관,jejusi
549,130723,김영갑갤러리두모악,seogwipo
550,3546163,김영수도서관,jejusi
551,2798046,김택화 미술관,jejusi
552,2778915,나이롱책방,jejusi
553,3061676,너븐숭이 4.3기념관,jejusi
554,2740014,노형수퍼마켙,jejusi
555,3063420,디앤디파트먼트,jejusi
556,3545735,만춘서점,jejusi
557,2751836,바이나흐튼 크리스마스박물관,seogwipo
558,1883815,박물관은살아있다 제주,seogwipo
559,594065,방림원,jejusi
560,1939121,법환동 청소년문화의집,seogwipo
561,1798082,본태박물관,seogwipo
562,2931892,빛의 벙커,seogwipo
563,2833763,산지천갤러리,jejusi
564,1939093,삼매봉도서관,seogwipo
565,130193,서귀포문화원,seogwipo
566,129767,서귀포시립기당미술관,seogwipo
567,3030351,서귀포예술의전당,seogwipo
568,988207,서귀포천문과학문화관,seogwipo
569,130682,서복전시관,seogwipo
570,2752772,성김대건신부표착기념관,jejusi
571,770036,성산포 해녀물질공연장,seogwipo
572,2763826,세계술박물관,seogwipo
573,596964,세계자동차&피아노 박물관,seogwipo
574,1220821,세계조가비박물관,seogwipo
575,1937744,소심한 책방,jejusi
576,2834656,아라리오뮤지엄 동문모텔2,jejusi
577,2931932,아라리오뮤지엄 탑동시네마,jejusi
578,3112168,아우아우,jejusi
579,3005374,아이바가든,jejusi
580,2048059,아쿠아플라넷 제주,seogwipo
581,130180,아프리카 박물관,seogwipo
582,2858291,어리목탐방안내소,jejusi
583,2852695,예술공간 이아,jejusi
584,2660802,오설록 티뮤지엄,seogwipo
585,2606690,왈종미술관,seogwipo
586,2933508,유동룡미술관,jejusi
587,2717330,유민 아르누보 뮤지엄,seogwipo
588,130494,이중섭 미술관,seogwipo
589,2606611,자연사랑미술관,seogwipo
590,2798027,전이수갤러리 걸어가는늑대들,jejusi
591,1769266,제주 세계자연유산센터,jejusi
592,3037623,제주 스카이워터쇼,jejusi
593,2406460,제주 추사관,seogwipo
594,129895,제주 탑동해변공연장,jejusi
595,2986689,제주고산리유적안내센터,jejusi
596,2905116,제주과학탐구체험관,jejusi
597,130088,제주교육박물관,jejusi
598,130877,제주국제컨벤션센터,seogwipo
599,130872,제주국제평화센터,seogwipo
600,2713583,제주도립김창열미술관,jejusi
601,130856,제주돌마을공원,jejusi
602,1544730,제주돌문화공원,jejusi
603,2660122,제주라프,jejusi
604,2949573,제주문학관,jejusi
605,130036,제주문화원,jejusi
606,4057941,제주물사랑홍보관,jejusi
607,130474,제주민속촌,seogwipo
608,3030422,제주아리랑 혼,seogwipo
609,130512,제주아트서커스,seogwipo
610,1755806,제주아트센터,jejusi
611,3066924,제주웰컴센터,jejusi
612,526666,제주유리박물관,seogwipo
613,4057731,제주책방·사랑방,jejusi
614,2791473,제주커피박물관 바움,seogwipo
615,130745,제주통일관,jejusi
616,129894,제주특별자치도 민속자연사박물관,jejusi
617,759595,제주특별자치도립미술관,jejusi
618,2661407,제주항공우주박물관,seogwipo
619,130308,제주항일기념관,jejusi
620,130857,제주해녀박물관,jejusi
621,2751843,제주해양동물박물관,seogwipo
622,597562,제주현대미술관,jejusi
623,3083715,제주홀릭뮤지엄,jejusi
624,819583,조안베어뮤지엄,seogwipo
625,1939078,조천읍도서관,jejusi
626,3386123,주정공장수용소 4·3역사관,jejusi
627,130363,초콜릿 박물관,seogwipo
628,1737497,초콜릿랜드,seogwipo
629,3584915,코코컬처클럽,seogwipo
630,130317,테디베어뮤지엄 제주,seogwipo
631,696841,테디베어하우스 테지움,jejusi
632,2836855,포도뮤지엄,seogwipo
633,2606211,피규어뮤지엄제주,seogwipo
634,4060957,하리보 해피월드,jejusi
635,130141,한국야구명예전당,seogwipo
636,2904457,헌마공신김만일기념관,seogwipo
637,1911160,헬로키티아일랜드,seogwipo
638,4013213,365열린약국,jejusi
639,4026837,ABC마트 GS 제주본점,jejusi
640,4013224,ABC마트 GSA 신제주연동점,jejusi
641,4026863,ABC마트 SP 제주시청점,jejusi
642,2900956,ABC마트 ST 서귀포점,seogwipo
643,4026854,AK골프 제주점,jejusi
644,4026846,CU 도두항점,jejusi
645,4026820,CU 서귀포항점,seogwipo
646,3305425,CU 제주신화빌라스점,seogwipo
647,4009600,CU 제주애월한담점,jejusi
648,4026858,CU 제주연오로점,jejusi
649,3305511,CU 제주열린점,jejusi
650,3307106,CU 제주항국제여객터미널,jejusi
651,4026828,EE플레이스 제주시청점,jejusi
652,3305786,GS25 서귀오션점,seogwipo
653,4013226,GS25 연동서강점,jejusi
654,4026838,GS25 제주노형점,jejusi
655,2905162,K2 서귀포점,seogwipo
656,4013239,K2 제주MS,jejusi
657,2917176,LG전자 베스트샵 이도본점,jejusi
658,2917170,LG전자 베스트샵 제주본점,jejusi
659,2929365,MLB 제주점,jejusi
660,2904020,PXG 제주점,jejusi
661,3306086,SI빌리지 신세계사이먼프리미엄아울렛 제주점,seogwipo
662,4013231,갤럭시 제주점,jejusi
663,2925674,게스 제주점,jejusi
664,2901159,게스언더웨어 제주중앙지하상가점,jejusi
665,2931775,고려홍삼,jejusi
666,132159,고성오일시장,seogwipo
667,3307027,골든구스 신세계사이먼프리미엄아울렛 제주점,seogwipo
668,4012998,골든듀 신세계사이먼프리미엄아울렛 제주점,seogwipo
669,3306785,골프존마켓 신세계사이먼프리미엄아울렛 제주점,seogwipo
670,3306952,구호 신세계사이먼프리미엄아울렛 제주점,seogwipo
671,4026848,구호 신제주점,jejusi
672,4009594,귤귤스토어 도두점,jejusi
673,4013228,귤귤스토어 애월점,jejusi
674,4009611,그린조이 제주중앙지하상가점,jejusi
675,2914777,글라스스토리 렌즈스토리 중앙로점,jejusi
676,2912583,금강제화 제주지점,jejusi
677,2905172,까스텔바작,jejusi
678,2905453,나이키 서귀포점,seogwipo
679,2924345,나이키 칠성로점,jejusi
680,2910064,나이키골프 제주점,jejusi
681,4009588,나이키골프 제주중문점,seogwipo
682,4013247,나이키칠성로점,jejusi
683,4013249,낙산약국,jejusi
684,4009589,내셔널지오그래픽 서귀포점,seogwipo
685,2893644,내셔널지오그래픽 신제주점,jejusi
686,2902941,내셔널지오그래픽 제주점,jejusi
687,4013206,내셔널지오그래픽키즈 제주점,jejusi
688,2912373,네이처컬렉션 제주롯데시티점,jejusi
689,4009614,노르디스크 제주점,jejusi
690,3306874,노스페이스 신제주점,jejusi
691,2906140,노스페이스 제주점,jejusi
692,2911202,뉴발란스 신제주점,jejusi
693,2931669,뉴발란스 제주점,jejusi
694,2903378,뉴에라 신제주점,jejusi
695,2893682,뉴월드마트 신제주점,jejusi
696,4026834,다비치안경 신제주점,jejusi
697,2925821,다이나핏 제주점,jejusi
698,4026812,다이소 서귀포중문점,seogwipo
699,4026810,다이소 서귀포혁신도시점,seogwipo
700,4026821,다이소 제주노형점,jejusi
701,4026823,다이소 제주동문시장점,jejusi
702,4026862,다이소 제주시청점,jejusi
703,4026870,다이소 제주애월점,jejusi
704,4026871,다이소 제주연동본점,jejusi
705,2907285,다이소 제주연동점,jejusi
706,4026872,다이소 제주함덕점,jejusi
707,132161,대정오일시장,seogwipo
708,1862763,더 아일랜더,jejusi
709,4013202,더조은약국,jejusi
710,4009603,더한섬하우스 제주점,jejusi
711,2912378,데상트 서귀포점,seogwipo
712,2918690,데상트 신제주점,jejusi
713,2930613,데상트골프 신제주점,jejusi
714,2860687,동문공설시장,jejusi
715,2737330,동문수산시장,jejusi
716,1013246,동문재래시장,jejusi
717,1890343,동부농원,seogwipo
718,3307736,듀엘 신세계사이먼프리미엄 아울렛 제주점,seogwipo
719,4012997,듀엘 신세계사이먼프리미엄아울렛 제주점,seogwipo
720,4009616,디스이즈네버댓 제주점,jejusi
721,2893975,디스커버리 신제주점,jejusi
722,3306943,디스커버리 제주점,jejusi
723,4009592,디어브리즈,jejusi
724,4009610,디즈니골프 제주중앙지하상가점,jejusi
725,4057186,뚜띠콜로리 뮤제오,jejusi
726,4026809,라이프워크 메가스토어 서귀포점,seogwipo
727,4026851,라이프워크 메가스토어 애월점,jejusi
728,4026796,라이프워크 메가스토어 제주점,seogwipo
729,3307098,라이프워크 신세계사이먼프리미엄 아울렛 제주점,seogwipo
730,4026825,라이프워크 제주탑동직영점,jejusi
731,2924144,라코스테 신제주점,jejusi
732,2931335,라코스테 제주점,jejusi
733,3306863,락포트 신세계사이먼프리미엄아울렛 제주점,seogwipo
734,4026847,랜드로바 신제주점,jejusi
735,4013229,러블리제주,jejusi
736,4009584,러쉬 제주점,seogwipo
737,2923102,레노마 골프 제주점,jejusi
738,2910664,레노마홈 신제주노형점,jejusi
739,4026824,레코브 씨티어브드림즈 제주점,jejusi
740,4009598,렌즈미 신제주점,jejusi
741,4009590,렌즈미 에비뉴안경 노형점,jejusi
742,2916247,로가디스 제주점,jejusi
743,2916532,로이드 신제주점,jejusi
744,4009615,로이드 제주점,jejusi
745,3307094,롯데하이마트 서귀포점,seogwipo
746,4013214,롯데하이마트 신제주점,jejusi
747,2913989,롯데하이마트 제주점,jejusi
748,2930914,루이까스텔 서귀포점,seogwipo
749,2893826,루이까스텔 신제주점,jejusi
750,4026826,루이까스텔 칠성점,jejusi
751,4013205,리복 제주점,jejusi
752,4013241,링스스포츠,jejusi
753,4026865,마뗑킴 하고하우스 제주점,jejusi
754,4009599,마리떼프랑스와저버 신제주점,jejusi
755,4013209,마운티아 신제주점,jejusi
756,4026842,마이제주기프트,jejusi
757,3305644,마쥬 신세계사이먼프리미엄아울렛 제주점,seogwipo
758,2893659,마트로 탑동점,jejusi
759,4013232,말본골프 포트메인 제주직영점,jejusi
760,3545110,메르시제주소품샵,jejusi
761,4009612,모노로그 제주중앙지하상가점,jejusi
762,4026811,모던하우스 서귀포점,seogwipo
763,2755023,모슬포중앙시장,seogwipo
764,2907184,모이몰른 제주지하2호점,jejusi
765,2752778,모이소,jejusi
766,4054311,모이소[면세점(TAX REFUND SHOP)],jejusi
767,4009596,몽클락 제주,jejusi
768,3571055,무릉외갓집,seogwipo
769,4013242,무자크 제주중앙점,jejusi
770,4009617,문화공간 휴,jejusi
771,3306805,미즈노 신제주점,jejusi
772,4026850,믹스존,jejusi
773,1863246,바당수산,jejusi
774,2789355,바람,jejusi
775,2752730,바이제주,jejusi
776,2914960,바인드,jejusi
777,4026814,버디,seogwipo
778,2893962,베네통,jejusi
779,4026795,베베드피노 서귀포점,seogwipo
780,2924333,베베드피노 제주노형점,jejusi
781,2928848,베스띠벨리 구제주점,jejusi
782,992309,보성시장,jejusi
783,3307523,북앤북스,jejusi
784,2791430,불란지야시장,seogwipo
785,4013203,브라운브레스 제주칠성점,jejusi
786,2931671,블랙야크 서귀포점,seogwipo
787,2907051,블랙야크 신제주점,jejusi
788,4012413,블랙야크 제주점,jejusi
789,4026853,블랙야크키즈 제주점,jejusi
790,4026849,비너스 와코루 마더피아 신제주특별자치도점,jejusi
791,2924947,빈폴 제주점,jejusi
792,2980017,빈폴 제주점,jejusi
793,3305842,빌라봉 신세계사이먼프리미엄 아울렛 제주점,seogwipo
794,4058075,사슴책방,jejusi
795,4026800,산드로 신세계사이먼프리미엄아울렛 제주점,seogwipo
796,4009618,살로몬 제주점,jejusi
797,4013000,삼성스토어 서귀포,seogwipo
798,4026857,삼성스토어 제주인화,jejusi
799,2924160,삼성패션아울렛 제주점,jejusi
800,4054291,생각하는 정원[면세점(TAX REFUND SHOP)],jejusi
801,2907434,생각하는정원(청원),jejusi
802,2913366,생생약국,jejusi
803,1013258,서귀포매일올레시장,seogwipo
804,132556,서귀포향토오일시장,seogwipo
805,993261,서문공설시장,jejusi
806,2765319,서부두수산시장,jejusi
807,2852532,선물가게 바나나 서귀포중문점,seogwipo
808,3502045,선물고팡 공항본점,jejusi
809,4009601,섬타르 신제주점,jejusi
810,3305785,세인트앤드류스 신세계사이먼프리미엄아울렛 제주점,seogwipo
811,992261,"세화민속오일시장(5일, 0일)",jejusi
812,2907684,셀덴 제주중앙지하상가점,jejusi
813,2819519,소길별하,jejusi
814,4002242,소랑아시,seogwipo
815,4009613,소품샵 제주소품 함덕점,jejusi
816,3306898,송지오 신세계사이먼프리미엄 아울렛 제주점,seogwipo
817,2931257,수목원길 야시장,jejusi
818,4026827,수박빈티지,jejusi
819,4013248,수풀,jejusi
820,2912717,쉬즈미스 구제주점,jejusi
821,4013223,슈마커 플러스 제주연동점,jejusi
822,4009597,스노우피크 신제주점,jejusi
823,4009602,스마트약국 제주,jejusi
824,2900852,스케쳐스 서귀포점,seogwipo
825,2924425,스케쳐스 신제주점,jejusi
826,2923735,스파오 신제주점,jejusi
827,2925738,스파오 제주중앙로점,jejusi
828,2906602,스포츠메카 신제주점,jejusi
829,4013236,스포츠메카 외도본점,jejusi
830,2904947,신한온누리약국,jejusi
831,4026808,신화테마파크,seogwipo
832,4013219,쌤소나이트 제주오라아울렛점,jejusi
833,2912507,쌤소나이트 칠성로점,jejusi
834,3306485,써스데이아일랜드 신세계사이먼프리미엄아울렛 제주점,seogwipo
835,2893882,아디다스 서귀포점,seogwipo
836,2905447,아디다스 신제주점,jejusi
837,2924636,아디다스 제주점,jejusi
838,2893839,아디다스키즈 제주점,jejusi
839,4013245,아레나 제주점,jejusi
840,2931727,아리따움 제주노형점,jejusi
841,4026816,아리따움 제주서귀포점,seogwipo
842,4026843,아식스 신제주점,jejusi
843,4013004,아이더 서귀포점,seogwipo
844,4013208,아이더 신제주점,jejusi
845,4026866,아이더 제주점,jejusi
846,4026797,아이에비뉴 신세계사이먼프리미엄아울렛 제주점,seogwipo
847,4013217,아이엠제주 탠저비,jejusi
848,3307669,아이잗바바 신세계사이먼프리미엄아울렛 제주점,seogwipo
849,4013237,아일랜드 프로젝트 본점,jejusi
850,4013356,아일로 서귀포점,seogwipo
851,4026801,아크테릭스 신세계사이먼프리미엄아울렛 제주점,seogwipo
852,4026819,아트박스 서귀포점,seogwipo
853,2905452,아트박스 제주시청점,jejusi
854,2916457,아트박스 제주연동점,jejusi
855,2916519,아트박스 제주칠성점,jejusi
856,4013243,안경사랑 제주시,jejusi
857,4012996,안녕성산,seogwipo
858,4013210,안녕제주,jejusi
859,4026802,안다르 신세계사이먼프리미엄아울렛 제주점,seogwipo
860,4013244,양키캔들 제주칠성로점,jejusi
861,4026803,어뉴골프 신세계사이먼프리미엄아울렛 제주점,seogwipo
862,4013233,어메이징크리 제주점,jejusi
863,4013221,어코드 제주,jejusi
864,3307036,엄브로 제주점,jejusi
865,4013207,에브리바디빈티지,jejusi
866,2931100,에스마켓 서귀포점,seogwipo
867,3306189,에스마켓 신제주점,jejusi
868,2923731,에스마켓 제주칠성점,jejusi
869,2909867,에스콰이아 제주점,jejusi
870,4013212,에이플러스건강식품,jejusi
871,4013002,에잇세컨즈 서귀포점,seogwipo
872,2900238,에잇세컨즈 제주중앙점,jejusi
873,2923429,엠 할리데이 제주점,jejusi
874,3305345,오렌즈 신제주점,jejusi
875,4026864,오렌즈 제주시청점,jejusi
876,4093735,오르머,jejusi
877,4013003,오름약국,seogwipo
878,4026830,오브젝트 제주점,jejusi
879,2901520,오설록 티 뮤지엄,seogwipo
880,4026818,올레올레 서귀포올레시장점,seogwipo
881,3307329,올리브영 서귀포광장점,seogwipo
882,4009585,올리브영 서귀포동광점,seogwipo
883,3305760,올리브영 서귀포점,seogwipo
884,4009587,올리브영 서귀포혁신도시점,seogwipo
885,3306134,올리브영 제주 타운,jejusi
886,2929823,올리브영 제주국제공항점,jejusi
887,3306392,올리브영 제주나인몰점,jejusi
888,2911661,올리브영 제주노형점,jejusi
889,2911418,올리브영 제주대학병원점,jejusi
890,2911579,올리브영 제주동문시장점,jejusi
891,4009591,올리브영 제주삼화점,jejusi
892,3306940,올리브영 제주세화점,jejusi
893,3307504,올리브영 제주아라일동점,jejusi
894,4013211,올리브영 제주연동신라점,jejusi
895,2901162,올리브영 제주연동점,jejusi
896,2912411,올리브영 제주외도점,jejusi
897,4009595,올리브영 제주용담점,jejusi
898,3306817,올리브영 제주월랑로점,jejusi
899,3306640,올리브영 제주일도이동점,jejusi
900,3306257,올리브영 제주제원점,jejusi
901,2918547,올리브영 제주중문점,seogwipo
902,2901481,올리브영 제주탑동점,jejusi
903,2913804,올리브영 제주하귀점,jejusi
904,3307452,올리브영 제주한라대점,jejusi
905,2931360,올리브영 제주한라병원점,jejusi
906,2902838,올리브영 제주함덕점,jejusi
907,3307688,올리브영 제주협재점,jejusi
908,4026836,와이드앵글 신제주점,jejusi
909,4026841,와인창고 동문시장점,jejusi
910,3306117,와인피부과의원,jejusi
911,4026804,와키윌리 신세계사이먼프리미엄아울렛 제주점,seogwipo
912,2930569,원더플레이스 제주 칠성로점,jejusi
913,4012999,월드컵약국,seogwipo
914,2911298,웨스트우드 구제주점,jejusi
915,2911513,웨스트우드 신제주점,jejusi
916,2917746,유니클로 제주이도점,jejusi
917,4013234,유타골프 제주점,jejusi
918,2923531,이니스프리 제주롯데시티점,jejusi
919,2906542,이니스프리 제주시청점,jejusi
920,2894043,이니스프리 제주하우스,seogwipo
921,2910854,이마트 서귀포점,seogwipo
922,2925633,이마트 제주점,jejusi
923,4092698,이상한선물가게앨리스,jejusi
924,4026869,이솝 제주,jejusi
925,1013289,이제주숍,jejusi
926,2847506,이후북스 제주점,jejusi
927,2718541,재주도좋아·반짝반짝 지구상회,jejusi
928,2909701,정관장 광양점,jejusi
929,4026859,정관장 노형점,jejusi
930,2925278,정관장 서사라점,jejusi
931,4026844,정관장 연동점,jejusi
932,4026822,정관장 일도점,jejusi
933,2859034,제스토리,seogwipo
934,2928853,제일모직아울렛 노형점,jejusi
935,1864828,제일토산품,jejusi
936,1014672,제주 중앙지하상가,jejusi
937,2708336,제주관광공사 중문면세점,seogwipo
938,2788115,제주기념품가게 올레파머스 함덕점,jejusi
939,4009593,제주김치스쿨,jejusi
940,4026831,제주동화마을,jejusi
941,1867129,제주민속식품(사월의 꿩),jejusi
942,2902472,제주사랑농수산,jejusi
943,2953017,제주수울 (JEJUSUUL),jejusi
944,976820,"제주시민속오일시장 (2, 7일)",jejusi
945,4013235,제주오라쇼핑,jejusi
946,1871024,제주칠성로상점가,jejusi
947,4026833,조랑말을탄돈키호테제주소품샵 노형점,jejusi
948,4026805,조안테디베어 제주신화월드점,seogwipo
949,4057123,종이잡지클럽 제주,jejusi
950,4026860,종종제주,jejusi
951,1871028,중문농수산물직판장,seogwipo
952,4013001,중문안경방,seogwipo
953,132595,중문향토오일시장,seogwipo
954,3307062,지오다노 신세계사이먼프리미엄아울렛 제주점,seogwipo
955,3306704,질스튜어트 신세계사이먼프리미엄아울렛 제주점,seogwipo
956,4058357,책방 소리소문,jejusi
957,2910031,청담루이성형외과의원,jejusi
958,4026813,캄포스 제주 부티크,seogwipo
959,2912462,캘빈클라인 구제주대리점,jejusi
960,3306873,캘빈클라인언더웨어 제주대리점,jejusi
961,2924017,캘빈클라인진 신제주대리점,jejusi
962,4026806,커버낫 신세계사이먼프리미엄아울렛 제주점,seogwipo
963,4013246,커버낫 제주점,jejusi
964,2916577,컬럼비아 제주점,jejusi
965,4026829,코데즈컴바인 제주이도점,jejusi
966,4026798,코메타엘엑스 신세계사이먼프리미엄아울렛 제주점,seogwipo
967,4013200,코오롱스포츠 서귀포명동로점,seogwipo
968,3424281,코오롱스포츠 솟솟리버스제주점,jejusi
969,4013201,코오롱스포츠 신제주점,jejusi
970,3305535,코치 신세계사이먼프리미엄 아울렛 제주점,seogwipo
971,2903062,크록스 제주점,jejusi
972,2930887,크록스 제주중문점,seogwipo
973,2848391,클래식문구사,jejusi
974,4026807,키르시 신세계사이먼프리미엄아울렛 제주점,seogwipo
975,4026855,타이틀리스트 제주점,jejusi
976,2907667,탐라원특산품센터,jejusi
977,4026867,탑동보룡약국,jejusi
978,2925644,탑텐 이마트 신제주점,jejusi
979,2910530,탑텐키즈 롯데마트 제주점,jejusi
980,4009586,탠디 신세계사이먼프리미엄 아울렛 제주점,seogwipo
981,4013220,탠저비 도두점,jejusi
982,4013225,탠저비 제원점,jejusi
983,4013204,탠저비 칠성로점,jejusi
984,4013216,탠저비 한라병원점,jejusi
985,2894117,테디베어하우스 테지움,jejusi
986,4013240,테일러메이드 구제주점,jejusi
987,4026840,토이마켓 제주점,jejusi
988,3305879,토즈 신세계사이먼프리미엄 아울렛 제주점,seogwipo
989,3305715,톡스앤필의원 제주점,jejusi
990,2905414,트리플스토어 시청점,jejusi
991,2908659,트리플스토어 제원점,jejusi
992,2909373,트리플스토어 칠성점,jejusi
993,2914248,파렌하이트 제주점,jejusi
994,2908746,파리게이츠 신제주점,jejusi
995,2924420,팬텀 제주중앙점,jejusi
996,2915071,팬텀골프 신제주점,jejusi
997,2785877,팰롱팰롱 빛나는,jejusi
998,3306983,페세리코 신세계사이먼프리미엄 아울렛 제주점,seogwipo
999,4026799,페트레이 신세계사이먼프리미엄아울렛 제주점,seogwipo
1000,2910877,폴더 신제주점,jejusi
1001,2911139,폴더 제주점,jejusi
1002,132160,표선오일시장,seogwipo
1003,2912430,풋조이 신제주점,jejusi
1004,2907769,프리페어 칠성점,jejusi
1005,4026835,피렌체 제주점,jejusi
1006,4013222,피크,jejusi
1007,2904321,피플 제주,jejusi
1008,2902945,핑골프스포츠,jejusi
1009,4013230,하이츠 제주,jejusi
1010,4026852,한국금거래소 제주직영점,jejusi
1011,132251,한국기념품백화점,jejusi
1012,2922976,한국기념품백화점,jejusi
1013,4026839,한국선간보,jejusi
1014,4026856,한국인삼백화점,jejusi
1015,4013218,한라미디어,jejusi
1016,4013227,한라사이클,jejusi
1017,2765334,한림매일시장,jejusi
1018,993224,한림민속오일시장,jejusi
1019,2925794,한섬 FX 마인 더캐시미어 제주점,jejusi
1020,3306775,한섬 아울렛 FX 타임옴므 제주점,jejusi
1021,2765345,함덕민속오일시장,jejusi
1022,4026861,핸썸제주,jejusi
1023,3306402,헌터 신세계사이먼프리미엄 아울렛 제주점,seogwipo
1024,4013238,헬로제주,jejusi
1025,4026832,헬로제주 구좌점,jejusi
1026,2894609,헬로키티아일랜드,seogwipo
1027,4026868,헬리녹스 크리에이티브 센터 제주,jejusi
1028,4026845,혜명한약국,jejusi
1029,4026817,호성이네 빛나는 선물가게,seogwipo
1030,2930611,홈플러스 메가푸드마켓 서귀포점,seogwipo
1031,4013215,휠라언더웨어 신제주점,jejusi
1032,4026815,휠라키즈 서귀포점,seogwipo
1033,2932050,휠라키즈 신제주점,jejusi
1034,3305767,휴고보스 신세계사이먼프리미엄 아울렛 제주점,seogwipo
1035,397643,C&P리조트,seogwipo
1036,139856,JJ하우스,seogwipo
1037,3344565,JW 메리어트 제주 리조트 & 스파,seogwipo
1038,3079994,MJ리조트,jejusi
1039,1905280,THE BAY 제주리조트 (더베이 제주리조트),seogwipo
1040,2499031,WE호텔,seogwipo
1041,1896032,가름게스트하우스,seogwipo
1042,3076375,골드원호텔앤스위트,seogwipo
1043,2940391,광이멀스테이,jejusi
1044,138494,귤익는마을,seogwipo
1045,2917270,그라벨호텔,jejusi
1046,139855,그랑빌펜션,seogwipo
1047,2819964,그랜드 조선 제주,seogwipo
1048,2876795,그랜드 하얏트 제주,jejusi
1049,138597,그림리조트,jejusi
1050,3089186,글로스터호텔 제주,jejusi
1051,4017092,금배네민박,jejusi
1052,138185,금호리조트 제주,seogwipo
1053,735314,까델아스,jejusi
1054,735781,꼬뜨도르 호텔,jejusi
1055,2528102,꿈꾸는 노마드,seogwipo
1056,1869305,나.미.송,jejusi
1057,2626055,나이스호텔,jejusi
1058,1897905,노을담은뜨락,seogwipo
1059,733414,노인과바다,seogwipo
1060,824811,늘송파크텔,jejusi
1061,2801985,다람쥐민박,jejusi
1062,660876,다인리조트,jejusi
1063,2918447,다인오세아노 호텔,jejusi
1064,3076467,담모라 호텔앤리조트,seogwipo
1065,719643,담앤루리조트,seogwipo
1066,2406368,더럭펜션,jejusi
1067,2751860,더쉼팡스파앤풀빌라,seogwipo
1068,3090896,더스테이센추리호텔,jejusi
1069,2621853,돈내코힐 리조트,seogwipo
1070,2358196,동박생이,jejusi
1071,3031466,디아넥스호텔,seogwipo
1072,3079939,라마다제주함덕호텔,jejusi
1073,984611,라온호텔 앤 리조트,jejusi
1074,137826,라운지하우스 제주다,seogwipo
1075,935073,라헨느리조트,jejusi
1076,2046954,롯데시티호텔 제주,jejusi
1077,143025,롯데호텔 제주,seogwipo
1078,733422,롱비치펜션,seogwipo
1079,2007416,루체빌리조트,seogwipo
1080,3084957,리치호텔,jejusi
1081,139860,마레보 비치호텔,jejusi
1082,2852581,머큐어앰배서더 제주,seogwipo
1083,142957,메종 글래드 제주,jejusi
1084,2991120,물결그림,jejusi
1085,972415,밀레니엄빌,seogwipo
1086,733516,바다에누워 펜션,seogwipo
1087,1853848,바다하우스,jejusi
1088,2621955,바다해호텔,seogwipo
1089,3082119,발트하우스,seogwipo
1090,2623005,백패커스홈,seogwipo
1091,2038553,베니키아 중문호텔,seogwipo
1092,1981890,베니키아 호텔 제주,jejusi
1093,2755497,베이힐풀앤빌라,seogwipo
1094,2718006,벤티모 호텔 앤 레지던스 제주,jejusi
1095,129076,보목마을,seogwipo
1096,733540,보물섬펜션,seogwipo
1097,733569,뷰티풀하우스,seogwipo
1098,2623014,브릭216,seogwipo
1099,3076447,블룸호텔,seogwipo
1100,2766781,비스타리조트,jejusi
1101,1905844,비울채울,seogwipo
1102,139008,비치스토리호텔,jejusi
1103,3076459,비케이호텔 제주(BK호텔 제주),seogwipo
1104,2021434,산들애풀하우스,seogwipo
1105,2869085,삼일삼오,jejusi
1106,3079902,샐리스제주호텔,jejusi
1107,2374023,샘모루펜션,seogwipo
1108,978343,샤뜰레 펜션,seogwipo
1109,1906127,샤론의집,seogwipo
1110,137788,서귀포 귤림성,seogwipo
1111,142965,서귀포칼호텔 (서귀포KAL호텔),seogwipo
1112,2707417,서툰가족,seogwipo
1113,3487794,선셋티아,jejusi
1114,232287,소노벨 제주,jejusi
1115,138019,소노캄 제주,seogwipo
1116,1888034,소랑호젠,seogwipo
1117,138594,솔바람풍경소리,seogwipo
1118,2699343,솔트,jejusi
1119,3080046,수앤수리조트&호텔,jejusi
1120,143036,스타즈호텔 헤리티지,jejusi
1121,2814168,스테리나잇 제주,jejusi
1122,970675,스프링힐 리조트,seogwipo
1123,2716736,신라스테이 제주,jejusi
1124,4058390,신라스테이 플러스 이호테우,jejusi
1125,137348,신세계호텔,seogwipo
1126,1846473,신신호텔 제주오션,seogwipo
1127,129072,신양마을,seogwipo
1128,136453,썬랜드 호텔,jejusi
1129,973990,씨에나펜션,seogwipo
1130,142948,씨에스 호텔 앤 리조트,seogwipo
1131,397635,씨오르리조트,seogwipo
1132,3084988,아덴힐리조트&골프,jejusi
1133,3076367,아름다운리조트,seogwipo
1134,733613,아망뜨펜션(제주),seogwipo
1135,3080382,아이미제주비치호텔 함덕,jejusi
1136,2634320,아인스 호스텔,seogwipo
1137,985385,아침의향기,seogwipo
1138,733622,앙끄리에펜션,seogwipo
1139,977101,애월해안누리(구 하얀둥지),jejusi
1140,3089195,어반아일랜드호텔,jejusi
1141,2667498,에덴호스텔,jejusi
1142,2605527,에코그린리조트,jejusi
1143,2948165,에코랜드 호텔,jejusi
1144,983958,엘리시안 제주,jejusi
1145,2594519,엘린호텔,jejusi
1146,2623827,엠버리조트,jejusi
1147,3102129,연월한옥,jejusi
1148,1348840,예래펜션,seogwipo
1149,143120,오션그랜드호텔제주,jejusi
1150,1403482,오션스위츠 제주호텔,jejusi
1151,3076392,오션스퀘어리조트,seogwipo
1152,971331,오션하우스,seogwipo
1153,2626800,오션힐스테이,seogwipo
1154,2498637,용산 제주유스호스텔,seogwipo
1155,4094553,용오름stay,jejusi
1156,3076381,유어스호텔,seogwipo
1157,3076484,이스턴호텔제주,seogwipo
1158,138935,이어도성 펜션,seogwipo
1159,3079973,일성리조트 제주비치,jejusi
1160,2382246,제이뷰호텔,seogwipo
1161,137814,제주 금강산콘도,jejusi
1162,905600,제주 뉴오션리조트,jejusi
1163,139854,제주 라임오렌지빌,seogwipo
1164,1932636,제주 메이플호텔,jejusi
1165,984523,제주 블랙스톤,jejusi
1166,142713,제주 스위트호텔,seogwipo
1167,2552837,제주 스카브로호텔,seogwipo
1168,733594,제주 써니데이,seogwipo
1169,906173,제주 씨에코비치,jejusi
1170,142972,제주 오리엔탈 호텔,jejusi
1171,733799,제주 지삿개풍경,seogwipo
1172,904802,제주 추억여행,seogwipo
1173,142943,제주 퍼시픽 호텔,jejusi
1174,733784,제주 하이랜드 펜션,seogwipo
1175,2847272,제주 항공우주 호텔,seogwipo
1176,2931723,제주901,jejusi
1177,3079932,제주노블레스관광호텔,jejusi
1178,2796937,제주드림타워 복합리조트,jejusi
1179,142968,제주로얄호텔,jejusi
1180,2556500,제주마중,jejusi
1181,138602,제주목화휴양펜션,seogwipo
1182,733684,제주바다산책,seogwipo
1183,2852563,제주부영호텔&리조트,seogwipo
1184,2627965,제주브릭스,seogwipo
1185,3079952,제주서우봉비치호텔,jejusi
1186,142946,제주신라호텔,seogwipo
1187,2561880,제주신화월드 호텔 앤 리조트 랜딩관,seogwipo
1188,2561909,제주신화월드 호텔 앤 리조트 메리어트관,seogwipo
1189,2561932,제주신화월드 호텔 앤 리조트 서머셋,seogwipo
1190,978214,제주썬레이크빌,seogwipo
1191,2019719,제주알(R)호텔,jejusi
1192,232284,제주애 펜션,seogwipo
1193,2926949,제주엠리조트,seogwipo
1194,1821483,제주올레하우스,jejusi
1195,1880892,제주카사블랑카,seogwipo
1196,3076491,제주티라호텔,seogwipo
1197,142970,제주팔레스호텔,jejusi
1198,980356,제주펜션 향림원,seogwipo
1199,3076441,제주헬스케어타운리조트,seogwipo
1200,3031022,제주호텔더엠,seogwipo
1201,2627229,천지연크리스탈호텔,seogwipo
1202,138017,청재설헌,seogwipo
1203,3520495,취다선 리조트,seogwipo
1204,2624249,취다선리조트(취다선 리조트 Tea&Meditation),seogwipo
1205,2627908,칠십리호텔,seogwipo
1206,3031581,카세로지,seogwipo
1207,2667643,카이 호스텔,jejusi
1208,2405466,카이로스,jejusi
1209,137369,켄싱턴리조트 서귀포,seogwipo
1210,3482430,켄싱턴리조트 제주중문,seogwipo
1211,137368,켄싱턴리조트 제주한림,jejusi
1212,2814169,쿠지홀리데이,seogwipo
1213,3076478,키코앤일레인호텔,seogwipo
1214,1882504,킴스캐빈,seogwipo
1215,984562,타미우스골프&빌리지,jejusi
1216,3079965,탑스텐 빌라드 애월 제주,jejusi
1217,137476,토비스콘도 제주,jejusi
1218,137957,티파니에서 아침을,seogwipo
1219,2623579,틸다하우스,jejusi
1220,4081269,파르나스 호텔 제주,seogwipo
1221,2405964,팜밸리 풀빌라,seogwipo
1222,3079917,팜파스호텔 제주,jejusi
1223,142976,펄호텔제주,jejusi
1224,2621969,펜션연리,seogwipo
1225,1893137,펠리스타운,seogwipo
1226,1894943,포도호텔,seogwipo
1227,978165,포시즌펜션,seogwipo
1228,1887546,프레리아 커플 독채펜션,jejusi
1229,2757210,플레이스 캠프 제주(Playce camp Jeju),seogwipo
1230,1893993,하얀언덕,seogwipo
1231,138195,한화리조트 제주,jejusi
1232,733924,해뜨는집 펜션,seogwipo
1233,138184,해비치 호텔&리조트 제주,seogwipo
1234,2626708,해성파크텔,seogwipo
1235,2918548,"헤이, 서귀포",seogwipo
1236,3515241,호텔 골든데이지 서귀포오션,seogwipo
1237,2858304,호텔 더본 제주,seogwipo
1238,2699863,호텔 서귀피안,seogwipo
1239,2847188,호텔 휴식 서귀포,seogwipo
1240,1979715,호텔레오,jejusi
1241,2411625,호텔리젠트마린 제주,jejusi
1242,3089169,호텔스위트캐슬,jejusi
1243,1898255,호텔제이엠,jejusi
1244,3089161,호텔컬리넌 제주,jejusi
1245,583141,휘닉스 아일랜드,seogwipo
1246,2822959,히든 클리프 호텔 & 네이쳐,seogwipo
1247,2857265,513텐동,jejusi
1248,2863940,52번가,jejusi
1249,2911088,5L2F,jejusi
1250,2899703,73st,jejusi
1251,2359240,88돼지,jejusi
1252,2904488,88로스터즈,jejusi
1253,2852457,ABC 에이팩토리베이커리카페,jejusi
1254,2904508,AND 유 CAFE,jejusi
1255,2877807,M1971 카페 엠브릿지,seogwipo
1256,2850913,가는곶 세화,jejusi
1257,2906155,가람,jejusi
1258,2755053,가람돌솥밥,seogwipo
1259,1866904,가시식당,seogwipo
1260,2791481,가시아방국수,seogwipo
1261,2837181,가시어멍김밥,jejusi
1262,2805240,가파도별미식당,seogwipo
1263,2853435,갈치공장,jejusi
1264,3545966,갈치바다 애월,jejusi
1265,2783304,갈치왕,seogwipo
1266,1866954,감나무집,jejusi
1267,2854455,감따남,seogwipo
1268,2873679,검은노루,seogwipo
1269,2359165,검은여닭도가니,seogwipo
1270,2758836,경미네집,seogwipo
1271,2870515,경성수산,jejusi
1272,404193,고관심해장국,jejusi
1273,4083815,고국수,jejusi
1274,1867998,고불락,jejusi
1275,2863927,고사리커피,jejusi
1276,2807119,고서방 짬뽕,jejusi
1277,2904549,고요산책,jejusi
1278,135288,고우니가든,jejusi
1279,2759061,고이정,jejusi
1280,2831590,고집돌우럭 중문점,seogwipo
1281,2863913,고토커피바,jejusi
1282,1868009,골막식당,jejusi
1283,2857289,골목식당,jejusi
1284,2852311,골목카페옥수,jejusi
1285,2759096,곰막식당/곰막,jejusi
1286,2781375,공천포식당,seogwipo
1287,1861336,광양해장국집,jejusi
1288,2759603,교래손칼국수(원조교래손칼국수),jejusi
1289,2906163,구씨커피로스터스,jejusi
1290,2759091,구이사이,jejusi
1291,2763762,구좌상회,jejusi
1292,2852379,구좌읍 우럭튀김 민경이네어등포식당,jejusi
1293,2767696,국수만찬,jejusi
1294,2753021,국수바다 본점,seogwipo
1295,404126,굼부리식당,seogwipo
1296,2830485,권가칼국수,jejusi
1297,2870537,귤품은흑돼지 제주공항점,jejusi
1298,2862117,그계절,jejusi
1299,2847812,그라나다,jejusi
1300,2852374,그러므로 파트2 (part2),jejusi
1301,2830500,그럼외도,jejusi
1302,2861390,그레이그로브,seogwipo
1303,2859164,그리운바다성산포,seogwipo
1304,2904622,그린마일커피 애월점,jejusi
1305,2871986,그린페블,jejusi
1306,2819792,그시절그짬뽕,jejusi
1307,1872476,그옛맛,jejusi
1308,2786082,그초록,jejusi
1309,2843749,글라글라하와이,seogwipo
1310,2825249,금갈치,jejusi
1311,404128,금강민물장어,seogwipo
1312,2906174,금돈가 제주본점,jejusi
1313,1876804,금바우흑돼지참숯구이,seogwipo
1314,1896585,금뽕똘,jejusi
1315,2870559,금악 똣똣라면,jejusi
1316,2871977,김녕에사는김영훈,jejusi
1317,2851686,김녕오라이,jejusi
1318,1876813,김대감숯불갈비,seogwipo
1319,2863893,김마리,jejusi
1320,2843766,김선장회센타,seogwipo
1321,1876822,깜돈 흑돼지,jejusi
1322,2877801,꼬스뗀뇨,jejusi
1323,2851868,꽁순이네,jejusi
1324,2780263,꽃밥,jejusi
1325,2851874,꿈낭밥집,jejusi
1326,2857329,나라돈까스,jejusi
1327,2839718,나비정원,seogwipo
1328,2374199,나운터횟집,seogwipo
1329,2877827,나이체,jejusi
1330,2755444,난드르바당,seogwipo
1331,4092010,남매네왕갈치,seogwipo
1332,2860705,남춘식당,jejusi
1333,1876994,낭뜰에쉼팡,jejusi
1334,1876996,내가 찾은 맛고을,jejusi
1335,664223,네거리식당,seogwipo
1336,2851889,노라바,jejusi
1337,2851902,노을리,jejusi
1338,2783400,논짓물식당,jejusi
1339,1964507,놀맨,jejusi
1340,2871851,누이밥집,seogwipo
1341,2839759,니모메,jejusi
1342,1877056,다래향,jejusi
1343,2876416,다린,seogwipo
1344,1877081,다미회,jejusi
1345,2843803,다정이네 올레시장 본점,seogwipo
1346,2851913,단소,jejusi
1347,2847823,달팽이식당,seogwipo
1348,2807920,달페이지,seogwipo
1349,2862097,담백 월정리본점,jejusi
1350,4053764,담소요,seogwipo
1351,2857350,당당,jejusi
1352,2767629,당케올레국수,seogwipo
1353,2861372,당포로나인 돈카츠,seogwipo
1354,820903,대관원,jejusi
1355,2753037,대기정,seogwipo
1356,4002695,대들보,seogwipo
1357,404135,대우정,seogwipo
1358,3483664,대한목장,seogwipo
1359,2850127,더리트리브,seogwipo
1360,2810922,더스푼,jejusi
1361,2708338,더클리프,seogwipo
1362,4002890,더해장,seogwipo
1363,3038449,더힐링타임,jejusi
1364,2845281,덴드리,seogwipo
1365,2783406,델문도,jejusi
1366,2870589,도갈비,jejusi
1367,687869,도남오거리식당,jejusi
1368,2850048,도두반점 제주사수점,jejusi
1369,2758939,도두해녀의집,jejusi
1370,2870596,도두후레쉬,jejusi
1371,133258,도라지식당,jejusi
1372,2830228,도렐 제주 본점,seogwipo
1373,2863811,도리 관광농원,jejusi
1374,2904635,도을,jejusi
1375,2851930,도치돌가든,jejusi
1376,2806871,도토리키친,jejusi
1377,1881664,독개물항,jejusi
1378,2815586,독고집,seogwipo
1379,2939004,돈물국수,jejusi
1380,1827790,돈사돈,jejusi
1381,2755000,돈이랑,seogwipo
1382,2765218,돈카츠 서황,jejusi
1383,1882201,돈향기,jejusi
1384,2903532,돌담너머바다,jejusi
1385,820822,돌하르방식당,jejusi
1386,135919,돔베돈,jejusi
1387,2847804,돗통 제주산방산본점,seogwipo
1388,2837142,동광메밀짬뽕,seogwipo
1389,2858485,동도원,seogwipo
1390,2861489,동복뚝배기,jejusi
1391,599863,동복해녀식당,jejusi
1392,2843815,동선제면가,seogwipo
1393,2562475,동해미락,seogwipo
1394,2877612,두리둠비,seogwipo
1395,2840856,두모리이수사,jejusi
1396,1882353,둠비정원,seogwipo
1397,2863793,듀포레,jejusi
1398,2755445,드르쿰다,seogwipo
1399,404139,등경돌식당,seogwipo
1400,2904656,딜레탕트,jejusi
1401,2726291,떡하니문어떡볶이,jejusi
1402,2870602,뚱딴지 애월본점,jejusi
1403,2904691,라 플라주,jejusi
1404,2851948,라라카페,jejusi
1405,2899746,라임오렌지카페앤플라워,seogwipo
1406,1405489,라지마할,jejusi
1407,2853982,라토커피제주,jejusi
1408,2910930,래용,jejusi
1409,2877634,랜딩커피,seogwipo
1410,3478595,레몬뮤지엄,seogwipo
1411,2870608,로맨틱새우 애월곽지본점,jejusi
1412,3030178,로빙화,seogwipo
1413,2946085,롤링브루잉,jejusi
1414,2839771,롱로드,jejusi
1415,2837242,리보스코화덕피자,jejusi
1416,2899709,리틀포레스트,seogwipo
1417,2861455,릴로,jejusi
1418,3080468,마노르블랑,seogwipo
1419,2853302,마노커피하우스,seogwipo
1420,2851992,마니주,jejusi
1421,1883573,마돈,seogwipo
1422,2899679,마두천손칼국수,jejusi
1423,2783430,마루나키친,jejusi
1424,2860662,마마롱,jejusi
1425,2904827,마음에온,jejusi
1426,2851674,마틸다,jejusi
1427,2755006,만덕이네,seogwipo
1428,2871956,만복반미 노형 본점,jejusi
1429,1883622,만부정,jejusi
1430,1883646,만세국수,jejusi
1431,2870495,만족한상회 중문점,seogwipo
1432,2781427,만지식당,jejusi
1433,2837996,말고기연구소,jejusi
1434,2767628,맛나식당,seogwipo
1435,1891943,맛있는 집,seogwipo
1436,2910907,망고하이,seogwipo
1437,2877847,머문,jejusi
1438,2899667,먹돌 제주본점,jejusi
1439,2870937,메콩스카이,jejusi
1440,2792522,면뽑는선생 만두빚는아내,jejusi
1441,2858577,명랑스낵,jejusi
1442,1891955,명문가시리식당,seogwipo
1443,404141,명원가든,seogwipo
1444,2845288,모노클제주,seogwipo
1445,2851643,모뉴에트,jejusi
1446,1966821,모드락572,seogwipo
1447,2854015,모들한상,jejusi
1448,2863660,모래비 커피로스터스 앤 베이커리,jejusi
1449,2818722,모루쿠다,seogwipo
1450,2781324,모슬포한라전복 본점,seogwipo
1451,3492149,모아시 (MOASI),seogwipo
1452,1861360,모이세해장국,jejusi
1453,2873708,모카다방,seogwipo
1454,2871879,모해통갈치화덕구이,seogwipo
1455,3303893,목장카페 밭디,seogwipo
1456,2774895,목장카페드르쿰다,seogwipo
1457,2845297,목화휴게소,seogwipo
1458,2805243,몰래물밥상,jejusi
1459,3543626,몽라브,jejusi
1460,1892305,몽생이,jejusi
1461,2809900,묘한식당,jejusi
1462,2899623,무거버거,jejusi
1463,2830204,무로이,seogwipo
1464,1892321,무인카페 산책,jejusi
1465,2788882,문개항아리 조천본점,jejusi
1466,2858612,문쏘 제주협재점,jejusi
1467,2843867,문치비,seogwipo
1468,2831622,미쁜제과,seogwipo
1469,2758924,미스칠,jejusi
1470,4033076,미스터밀크 송당점,jejusi
1471,2836873,미스틱3도,jejusi
1472,2838059,미엘드세화,jejusi
1473,2840469,미친부엌,jejusi
1474,1404293,바그다드,jejusi
1475,1984133,바다는안보여요,jejusi
1476,2843885,바다다,seogwipo
1477,2763767,바다를본돼지,jejusi
1478,2809970,바다밥상,seogwipo
1479,2861425,바다보는날,jejusi
1480,2763771,바다속고등어쌈밥,jejusi
1481,2755870,바다위에코끼리,jejusi
1482,1895793,바다잔치,jejusi
1483,4002730,바다풍경 정육식당,jejusi
1484,1964460,바당국수,seogwipo
1485,2870619,바당한그릇,jejusi
1486,2836891,바람벽에흰당나귀,jejusi
1487,2851007,바램목장&카페,seogwipo
1488,2902737,바움하우스,jejusi
1489,2876488,바타타식탁,seogwipo
1490,2899605,반디파스타,jejusi
1491,2863775,반양,seogwipo
1492,2871934,배셰프,jejusi
1493,3546746,백가네제주한상 함덕본점,jejusi
1494,1984236,백기해녀의집,seogwipo
1495,2805415,백록집,jejusi
1496,2767704,백리향,jejusi
1497,2871897,뱅인타코 제주본점,seogwipo
1498,2792533,버드나무집,jejusi
1499,1896087,범섬앞어촌계횟집,seogwipo
1500,2859187,벙커하우스,seogwipo
1501,2860731,베메로 (BAKE MAKE ROAST),seogwipo
1502,2899599,베카신,jejusi
1503,2850113,베케,seogwipo
1504,2854041,별돈별 정원본점,jejusi
1505,2892239,볕이드는곳벧디,jejusi
1506,4075750,보말칼국수 해월정,jejusi
1507,134977,보영반점,jejusi
1508,2758837,복자씨연탄구이,seogwipo
1509,1896649,본가 1호점,jejusi
1510,4002932,볼고롱짬뽕,seogwipo
1511,2851090,볼스카페,seogwipo
1512,3080165,봄날,jejusi
1513,2852023,봉성식당,jejusi
1514,2756099,봉순이네흑돼지,seogwipo
1515,2871913,봉주르마담,seogwipo
1516,2758848,부두식당 / (주)부두식당,seogwipo
1517,3444948,부부요리단,seogwipo
1518,2899586,부온,jejusi
1519,2847894,부촌,seogwipo
1520,2859090,뷰스트,seogwipo
1521,2847876,블루마운틴4255,seogwipo
1522,2899568,블루메베이글,jejusi
1523,2852038,블루사이공,jejusi
1524,2892256,블리스풀,jejusi
1525,2838079,비마이게스트,jejusi
1526,2862068,비양놀,jejusi
1527,1861333,비지곶식당,jejusi
1528,2829786,비케이브,jejusi
1529,2904892,빵귿,jejusi
1530,4068781,뽈살집 본점,seogwipo
1531,2902758,뿌리와열매,jejusi
1532,2902776,쁠랑뜨,jejusi
1533,2847791,사계의시간,seogwipo
1534,2870910,사랑분식,jejusi
1535,2790670,사일리커피,seogwipo
1536,2481642,사해방흑돼지,seogwipo
1537,2851126,산지해장국,jejusi
1538,2905340,살롱드라방,jejusi
1539,1865762,삼다도횟집,jejusi
1540,2806020,삼다숯불갈비,seogwipo
1541,404202,삼대국수회관,jejusi
1542,2759608,삼무국수,jejusi
1543,2831941,삼미흑돼지 중문점,seogwipo
1544,2781431,삼보식당,seogwipo
1545,1984251,삼복가든,jejusi
1546,664081,삼성혈해물탕,jejusi
1547,2852063,삼일해장국,jejusi
1548,1984252,새둥지,jejusi
1549,2715354,새빌,jejusi
1550,2708692,색달해녀의집,seogwipo
1551,404151,생원전복,seogwipo
1552,3071677,서귀포 제주에인 감귤밭 카페,seogwipo
1553,404121,서귀포괸당네,seogwipo
1554,1823088,서귀포시축협 축산물플라자,seogwipo
1555,664982,서귀포흑돼지명가,seogwipo
1556,2877645,서귀피안 베이커리,seogwipo
1557,2839730,서귀피안 보래드 베이커스,seogwipo
1558,2839783,서서방숯불닭갈비 제주본점,jejusi
1559,655543,서울뚝배기,jejusi
1560,2938592,서작가초밥집,seogwipo
1561,2877671,서홍정원,seogwipo
1562,2833409,선이네밥집,jejusi
1563,2792535,선흘곶,jejusi
1564,2850014,선흘방주할머니식당,jejusi
1565,2840487,섭섭이네,jejusi
1566,1984253,성미가든,jejusi
1567,2833201,성산 부뚜막식당,seogwipo
1568,2833308,성산 타쿠마스시,seogwipo
1569,2870955,성산포 자연산 회센타,seogwipo
1570,134980,성산해촌,seogwipo
1571,2839742,성산흑돼지두루치기 성산일출봉점,seogwipo
1572,404156,성읍칠십리식당,seogwipo
1573,2871931,센트로,seogwipo
1574,2877734,소규모식탁,seogwipo
1575,2767638,소금바치순이네,jejusi
1576,4075756,소농로드,jejusi
1577,1828308,소라횟집,jejusi
1578,2894478,소리원,jejusi
1579,2759610,손맛촌,jejusi
1580,2833244,솔동산고기국수,seogwipo
1581,2499713,송당나무,jejusi
1582,2860639,송림반점,jejusi
1583,2850090,쇠소깍 복순이네,seogwipo
1584,2941421,수눌음,seogwipo
1585,1909258,수다뜰,jejusi
1586,2871954,수망다원,seogwipo
1587,2831920,수애기베이커리,seogwipo
1588,2873724,수와래베이커리,seogwipo
1589,1305270,수희식당,seogwipo
1590,2798036,숙성도 제주본점,jejusi
1591,2894496,순두부엔짬뽕,jejusi
1592,2840505,순아커피,jejusi
1593,1828395,순옥이네명가,jejusi
1594,2783376,순천미향 제주산방산본점,seogwipo
1595,2864269,숲 제주,jejusi
1596,2845335,쉬어갓,seogwipo
1597,2755879,스마일러,jejusi
1598,2843921,스모크하우스인구억,seogwipo
1599,2904931,스물다섯,jejusi
1600,2838100,스시애월,jejusi
1601,2858942,스테이위드커피,jejusi
1602,3037925,스페이스제로,jejusi
1603,2782843,슬로보트,jejusi
1604,2765208,슬슬슬로우,jejusi
1605,2854078,시골길,jejusi
1606,2871971,시스터필드,seogwipo
1607,2810906,식당 마요네즈,jejusi
1608,2767694,신설오름,jejusi
1609,2877751,신왕,seogwipo
1610,655553,신제주삼보식당,jejusi
1611,3434327,신창흑돼지두루치기,seogwipo
1612,2854102,신해바라기,jejusi
1613,2852108,심바카레,jejusi
1614,2863658,싸이공레시피,jejusi
1615,2767814,쌍둥이횟집본점,seogwipo
1616,2893743,썬셋클리프,jejusi
1617,2785883,아날로그사운즈,jejusi
1618,2851375,아리,seogwipo
1619,2840920,아리랑밀면,seogwipo
1620,2899545,아베베베이커리,jejusi
1621,2765209,아서원,seogwipo
1622,2902911,아일랜드팩토리 풍류,jejusi
1623,2851125,아줄레주,seogwipo
1624,2755895,아트인명도암,jejusi
1625,2359168,안거리 밖거리,seogwipo
1626,2767589,안녕전복,jejusi
1627,2792536,안녕협재씨,jejusi
1628,2853471,안도르,jejusi
1629,2911053,알동네집,jejusi
1630,2904955,알엔알(rnr),jejusi
1631,2859072,앙끄레국수 서귀포본점,seogwipo
1632,2851880,애월 너와의 첫 여행 감귤창고카페,jejusi
1633,2905409,애월 우니담,jejusi
1634,2851717,애월그때그집 제주도 본점,jejusi
1635,2862045,애월더선셋,jejusi
1636,2864216,애월리순메밀막국수,jejusi
1637,3065203,애월본카페,jejusi
1638,4056853,애월전당포,jejusi
1639,2780230,애월튀김간,jejusi
1640,2858479,애플망고1947,seogwipo
1641,404216,야자수식당,jejusi
1642,2840903,양가네 신화월드 본점,seogwipo
1643,2899528,양가형제,jejusi
1644,2791194,어니스트밀크 본점,seogwipo
1645,3030286,어린왕자감귤밭,seogwipo
1646,2870797,어머니의뜻을담다 단지,jejusi
1647,2871919,어멍이해녀,jejusi
1648,404209,어장군,jejusi
1649,3434326,언덕집국수,jejusi
1650,4060475,엄마국수,seogwipo
1651,2783440,에오마르,jejusi
1652,2829949,연돈,seogwipo
1653,3434312,연리지가든,jejusi
1654,2877937,연미정,jejusi
1655,2854121,연정식당,jejusi
1656,4074622,연호제 구내식당,jejusi
1657,2864237,연화키친,jejusi
1658,2892282,영국찻집,jejusi
1659,2774868,영실국수,seogwipo
1660,2872007,영육일삼,seogwipo
1661,2851706,영주말가든,jejusi
1662,2783381,예원이네 은갈치조림,seogwipo
1663,2905366,옛날국수집,jejusi
1664,664154,옛날옛적 성산본점,seogwipo
1665,2847852,옛날팥죽,seogwipo
1666,2831635,오는정김밥,seogwipo
1667,1984276,오늘은 회,seogwipo
1668,2791213,오늘은녹차한잔,seogwipo
1669,2808937,오드랑베이커리,jejusi
1670,2864309,오뚜기빵집,seogwipo
1671,2815713,오라디오라,seogwipo
1672,1896538,오라숲소리,jejusi
1673,2904375,오랑우탄면사무소,seogwipo
1674,2845353,오른,seogwipo
1675,1984486,오름가든,jejusi
1676,2035397,오름나그네,jejusi
1677,2904992,오만정성 제주협재점,jejusi
1678,2903088,오스모시스,jejusi
1679,2756100,오전열한시,seogwipo
1680,404168,오조해녀의집,seogwipo
1681,2840638,오짜장,jejusi
1682,3030120,옥돔마을,seogwipo
1683,2905025,옥란면옥,jejusi
1684,3030250,온더스톤 브런치카페 제주성산점,seogwipo
1685,2857388,온차,jejusi
1686,2903123,올드북촌,jejusi
1687,2904395,올드패션,seogwipo
1688,2859054,올디벗구디,seogwipo
1689,1827714,올래국수,jejusi
1690,2765214,올레안뜰,seogwipo
1691,2805483,올티스,jejusi
1692,133974,옹포별장가든,jejusi
1693,2363045,와랑와랑,seogwipo
1694,2856999,와르다레스토랑,jejusi
1695,2843943,와토커피,seogwipo
1696,404165,왕일번지식당,seogwipo
1697,2836964,외도339,jejusi
1698,2851610,용꽈배기,jejusi
1699,1984286,용두암해촌,jejusi
1700,2853604,우동카덴,jejusi
1701,2904412,우디글레이드 (Woody glade),seogwipo
1702,2853621,우무 본점,jejusi
1703,2830340,우유부단,jejusi
1704,2854188,우호적무관심,jejusi
1705,2774884,운정이네,seogwipo
1706,2808037,원앤온리,seogwipo
1707,2850078,원조남원포구식당,seogwipo
1708,2785326,월정리 달이뜨는식탁 (달이뜨는식탁),jejusi
1709,2779435,월정리갈비밥,jejusi
1710,2765211,윈드스톤,jejusi
1711,2833269,유동커피,seogwipo
1712,2851274,유디에이(UDA),seogwipo
1713,404214,유빈,jejusi
1714,2876814,육도담 제주시청본점,jejusi
1715,2864287,윤스타피자앤파스타,jejusi
1716,2905079,윤재커피,jejusi
1717,2759614,은혜전복,jejusi
1718,1861280,은희네해장국,jejusi
1719,4073374,음파,jejusi
1720,4002769,이금돈지,jejusi
1721,4060785,이끼숲소길,jejusi
1722,2861702,이돈갓,jejusi
1723,2819194,이스방한상,jejusi
1724,3066880,이스트포레스트,jejusi
1725,2840885,이어도식당,seogwipo
1726,2876685,이정의댁,seogwipo
1727,2759616,이춘옥 원조 고등어쌈밥,jejusi
1728,2854211,인그리드,jejusi
1729,2777791,인디고트리,seogwipo
1730,2858473,인스밀,seogwipo
1731,2863633,인카페온더비치,jejusi
1732,2794971,일통이반,jejusi
1733,2759849,임금님밥상,jejusi
1734,2839794,임성반점,jejusi
1735,2853644,잇칸시타,jejusi
1736,3057498,자드부팡,jejusi
1737,2843968,자리돔횟집,seogwipo
1738,3497636,자매국수,jejusi
1739,2899509,자연과사람들 밀면,jejusi
1740,2840668,자연몸국,jejusi
1741,2851146,자연스러운식당,seogwipo
1742,2853658,잔물결,jejusi
1743,2861967,장모식탁,jejusi
1744,2932531,장수애섬식당,seogwipo
1745,404173,장수해장국,seogwipo
1746,2847672,장인의집,jejusi
1747,2852136,재벌식당,jejusi
1748,4057071,적점 제주,jejusi
1749,2899491,점점,jejusi
1750,2836994,정가네밥상,jejusi
1751,2853566,정직한돈 본점,jejusi
1752,2852155,제레미,jejusi
1753,4002802,제미니국수김밥,seogwipo
1754,2843982,제주고로,seogwipo
1755,2847916,제주고사리맛집 복돼지식당,seogwipo
1756,2767663,제주곰집,seogwipo
1757,2876836,제주공항그때그집,jejusi
1758,2758900,제주광해 애월점,jejusi
1759,2790487,제주돌창고,jejusi
1760,2836976,제주돔베고기집,jejusi
1761,2765215,제주돗,jejusi
1762,2876854,제주또시랑,jejusi
1763,404175,제주뚝배기,seogwipo
1764,2783385,제주로운청해원,seogwipo
1765,2906222,제주맛집칼국수,jejusi
1766,2904424,제주명가두루치기,seogwipo
1767,2849994,제주몹시,jejusi
1768,2854271,제주미담,jejusi
1769,687563,제주미향,seogwipo
1770,2778916,제주살롱,jejusi
1771,2847737,제주선채향,seogwipo
1772,2785301,제주순메밀막국수,seogwipo
1773,2870843,제주시새우리,jejusi
1774,2863719,제주약수터,seogwipo
1775,2861952,제주에가면,jejusi
1776,2871898,제주연탄길 신제주본점,jejusi
1777,2755457,제주오성갈치조림,seogwipo
1778,2789395,제주태백산본점,jejusi
1779,2791440,제주한라국수,seogwipo
1780,4002839,제주할망밥상,seogwipo
1781,2893725,제주해물밥,jejusi
1782,2836502,제주해조네 보말성게전문점,seogwipo
1783,2384996,젠하이드어웨이,seogwipo
1784,2891399,젤코바 베이커리 카페,jejusi
1785,2863597,젬마손,jejusi
1786,1909319,종달수다뜰,jejusi
1787,2854312,죽성고을,jejusi
1788,2876704,중문 돌담흑돼지,seogwipo
1789,2850960,중문 모메든식당,seogwipo
1790,2843955,중문갈치조림 이조은식당,seogwipo
1791,2863701,중문고등어쌈밥,seogwipo
1792,2859012,중문색달통갈치 본점,seogwipo
1793,2791425,중문수두리보말칼국수,seogwipo
1794,2755458,중문칠돈가,seogwipo
1795,2758844,중문해녀의집,seogwipo
1796,2858991,중문해물라면오빠네,seogwipo
1797,2858406,중문회포장센터 새벽야시장,seogwipo
1798,2384971,지오아라,seogwipo
1799,2836808,지은이네밥상,seogwipo
1800,404180,진미명가,seogwipo
1801,1019521,진주식당,seogwipo
1802,2801936,집의기록상점,jejusi
1803,2767786,짬뽕에취한날,jejusi
1804,2843997,짱구분식,seogwipo
1805,2851565,쪼끌락,jejusi
1806,2863603,차롱보말전복칼국수 제주공항점,jejusi
1807,2805320,착한제주고등어,jejusi
1808,2763796,착한집,jejusi
1809,2841345,착한튀김,jejusi
1810,2870869,참맛나김밥,jejusi
1811,2807124,채훈이네해장국,jejusi
1812,2844014,천돈가 중문본점,seogwipo
1813,404182,천제연토속,seogwipo
1814,2831961,천짓골식당,seogwipo
1815,2841372,청도,jejusi
1816,1986683,청운식당,seogwipo
1817,2808238,청춘부부,seogwipo
1818,2891382,초가헌,seogwipo
1819,133976,초원흑돼지,jejusi
1820,2778874,춘미향,seogwipo
1821,2873771,취향의섬,seogwipo
1822,2851196,친봉산장,seogwipo
1823,2940065,칠분의오,jejusi
1824,2940076,카고크루즈,jejusi
1825,2802732,카페 귤꽃다락,seogwipo
1826,2851546,카페 글렌코,jejusi
1827,2837068,카페 나모나모베이커리,jejusi
1828,2871099,카페 동백,jejusi
1829,2763746,카페 말로,jejusi
1830,2783386,카페 아오오,seogwipo
1831,4055439,카페 어림비,jejusi
1832,2791230,카페 이스틀리,seogwipo
1833,2840695,카페477플러스,jejusi
1834,3062141,카페광령올레17,jejusi
1835,2905901,카페단단,jejusi
1836,2858976,카페더라이트,seogwipo
1837,2836825,카페루시아 본점,seogwipo
1838,2785334,카페리,jejusi
1839,2782858,카페모알보알 제주점,jejusi
1840,2910815,카페보롬왓,seogwipo
1841,2852187,카페브리프,jejusi
1842,2753045,카페서연의집,seogwipo
1843,2905789,카페숑,seogwipo
1844,3056356,카페술도가제주바당,jejusi
1845,3401751,카페에벤에셀,jejusi
1846,2902757,카페오놀,seogwipo
1847,2905132,카페온,jejusi
1848,2899468,카페유주,jejusi
1849,2864429,카페이면,jejusi
1850,2861616,카페지니,seogwipo
1851,2385005,카페코지,seogwipo
1852,2858680,카페콜라,jejusi
1853,2844044,카페텐저린,seogwipo
1854,2891424,카페하귀리,jejusi
1855,2863622,카페한라산,jejusi
1856,2905171,카페허그,jejusi
1857,2807387,커뮤니테이블,seogwipo
1858,2892313,커피냅로스터스 제주,jejusi
1859,2852520,커피스케치,seogwipo
1860,2782867,커피템플,jejusi
1861,2737284,커피프렌즈촬영지,seogwipo
1862,2909982,컴플리트커피,jejusi
1863,3443241,코리코카페 제주점,jejusi
1864,4071129,코바라멘,seogwipo
1865,2852215,코시롱,jejusi
1866,2871997,코우,seogwipo
1867,2755466,코코마마,seogwipo
1868,2892326,콜린 제주,jejusi
1869,2861349,크라운돼지,jejusi
1870,2783393,크래커스,seogwipo
1871,133990,큰갯물횟집,seogwipo
1872,2781493,키친아루요,jejusi
1873,2853291,타무라,jejusi
1874,2767779,태광식당,jejusi
1875,2905237,태양상회,jejusi
1876,2763806,토끼와거북이,jejusi
1877,2870835,토토네,jejusi
1878,2851487,톰톰카레,jejusi
1879,2861940,트라이브,jejusi
1880,2899449,트라인커피,jejusi
1881,2858423,트로피컬 하이드어웨이 카페,seogwipo
1882,2849980,판포미인,jejusi
1883,2845370,페를로,seogwipo
1884,2861378,평대스낵,jejusi
1885,2870912,포도원흑돼지,jejusi
1886,2871863,포하노이,jejusi
1887,404158,표선세화해녀의집,seogwipo
1888,2828666,표선우동가게,seogwipo
1889,2847715,풀베개,seogwipo
1890,2894522,풍천만가,jejusi
1891,2861708,피어22,jejusi
1892,2839903,피즈 버거 노형점,jejusi
1893,2854335,피커스 제주,jejusi
1894,4071126,핀스,seogwipo
1895,2891431,하귀정담,jejusi
1896,2861515,하라케케,seogwipo
1897,2910852,하례감귤점빵협동조합,seogwipo
1898,404185,하르방밀면,seogwipo
1899,4060735,하르방식당,seogwipo
1900,2853278,하르방짬뽕,jejusi
1901,2906595,하소로커피,jejusi
1902,1018723,하영 흑돼지구이집,seogwipo
1903,2755913,하우스레서피,jejusi
1904,2891397,한길정,seogwipo
1905,2839916,한데모아 정실점,jejusi
1906,2845383,한라산아래첫마을 영농조합법인,seogwipo
1907,655015,한라식당,jejusi
1908,2839938,한라향,jejusi
1909,2792539,한림칼국수 제주본점,jejusi
1910,404187,한성식당,seogwipo
1911,2906541,한형수정원,jejusi
1912,2854403,함덕회춘,jejusi
1913,2844078,함쉐프키친,seogwipo
1914,2906322,항아리조림,jejusi
1915,2666735,해녀의 부엌,jejusi
1916,2852232,해녀의집,jejusi
1917,2758855,해녀잠수촌,jejusi
1918,1847757,해녀촌,jejusi
1919,1420586,해녀횟집,jejusi
1920,2850039,해물통라면 문개항아리 애월해안도로점,jejusi
1921,2788879,해성도뚜리,jejusi
1922,2767722,해심가든,seogwipo
1923,664204,해오름,seogwipo
1924,2755470,해왓,seogwipo
1925,2906375,해왕성반점본점,jejusi
1926,1308810,해진횟집,jejusi
1927,2824043,행복밀,jejusi
1928,2563236,향원복집,seogwipo
1929,2664574,허니문하우스,seogwipo
1930,2834605,허디거디 이도점,jejusi
1931,2891438,헬로남생이,jejusi
1932,2905191,헬로효주,jejusi
1933,2792543,협재 수우동,jejusi
1934,2870974,협재신국수,jejusi
1935,2905293,협재온다정,jejusi
1936,2758859,협재해녀의집,jejusi
1937,2905314,협재해물라면 쪼꼴락상회,jejusi
1938,2837033,협재해물라면오빠네,jejusi
1939,2854384,형돈,jejusi
1940,2847829,호랑호랑 성산카페,seogwipo
1941,2851443,호자,jejusi
1942,3059362,혼저,jejusi
1943,2892380,홀츠 애월,jejusi
1944,2907482,홉히,jejusi
1945,2781325,홍성방,seogwipo
1946,2844094,화고 흑돼지 신시가지점,seogwipo
1947,2877950,환영키친,jejusi
1948,686399,황금어장,jejusi
1949,4057215,회수다옥,seogwipo
1950,2893702,회춘 애월점,jejusi
1951,2804378,효은디저트,seogwipo
1952,2860575,효퇴국수국밥,jejusi
1953,2854417,훈남횟집,jejusi
1954,2785320,휴일로,seogwipo
1955,1019491,흑돈가 제주,jejusi
1956,2894407,흑돼지해물삼합,seogwipo
1957,2899428,흑본오겹 함덕점,jejusi
